{"cameraMode":{"drawMode":0,"name":"Shaded","section":"Shading Mode"},"sceneLighting":false,"audioPlay":false,"sceneViewState":{"m_AlwaysRefresh":false,"showFog":true,"showSkybox":false,"showFlares":true,"showImageEffects":true,"showParticleSystems":true,"showVisualEffectGraphs":true,"m_FxEnabled":true},"in2DMode":false,"pivot":{"x":0.30000007152557375,"y":0.3059999942779541,"z":-0.3000001907348633},"rotation":{"x":-0.11265847086906433,"y":0.6321853399276733,"z":-0.0936051681637764,"w":-0.7608500719070435},"size":3.8049747943878176,"orthographic":false}