{"cameraMode":{"drawMode":0,"name":"Shaded","section":"Shading Mode"},"sceneLighting":true,"audioPlay":false,"sceneViewState":{"m_AlwaysRefresh":false,"showFog":true,"showSkybox":true,"showFlares":true,"showImageEffects":true,"showParticleSystems":true,"showVisualEffectGraphs":true,"m_FxEnabled":true},"in2DMode":false,"pivot":{"x":13.100000381469727,"y":5.553002834320068,"z":-8.748123168945313},"rotation":{"x":0.27732133865356448,"y":0.1255090981721878,"z":-0.036574073135852817,"w":0.9518603086471558},"size":15.924609184265137,"orthographic":false}